<?xml version="1.0" encoding="UTF-8"?><!--
        *** GENERATED FROM jax-ws.xml - DO NOT EDIT !                             ***
        *** TO MODIFY wsimport options USE Web Service node -> Edit WS Attributes ***
        *** TO CHANGE TARGETS GENERATED TO jaxws-build.xml COPY THOSE             ***
        *** TARGETS TO ../build.xml AND MODIFY THAT FILE INSTEAD                  ***

        --><project xmlns:xalan="http://xml.apache.org/xslt" xmlns:j2seproject3="http://www.netbeans.org/ns/j2se-project/3" xmlns:jaxws="http://www.netbeans.org/ns/jax-ws/1">
    <!--
                ===================
                JAX-WS WSIMPORT SECTION
                ===================
            -->
    <target name="wsimport-init" depends="init">
        <mkdir dir="${build.generated.sources.dir}/jax-ws"/>
        <taskdef name="wsimport" classname="com.sun.tools.ws.ant.WsImport">
            <classpath path="${libs.jaxws21.classpath}"/>
        </taskdef>
    </target>
    <target name="wsimport-client-Employee" depends="wsimport-init">
        <mkdir dir="${build.generated.dir}/jax-wsCache/Employee"/>
        <property name="wsdl-Employee" location="xml-resources/web-service-references/Employee/wsdl/localhost_8080/employee_ws/Employee.wsdl"/>
        <wsimport sourcedestdir="${build.generated.dir}/jax-wsCache/Employee" destdir="${build.generated.dir}/jax-wsCache/Employee" wsdl="${wsdl-Employee}" catalog="catalog.xml" encoding="${source.encoding}" extension="true" verbose="true" fork="false" wsdlLocation="http://localhost:8080/employee_ws/Employee?wsdl" xnocompile="true" xendorsed="true">
            <depends file="${wsdl-Employee}"/>
            <produces dir="${build.generated.dir}/jax-wsCache/Employee"/>
        </wsimport>
        <copy todir="${build.generated.sources.dir}/jax-ws">
            <fileset dir="${build.generated.dir}/jax-wsCache/Employee">
                <include name="**/*.java"/>
            </fileset>
        </copy>
    </target>
    <target name="wsimport-client-clean-Employee" depends="-init-project">
        <delete dir="${build.generated.dir}/jax-wsCache/Employee"/>
        <delete dir="${build.generated.sources.dir}/jax-ws/employee_ws"/>
    </target>
    <target name="wsimport-client-Customer" depends="wsimport-init">
        <mkdir dir="${build.generated.dir}/jax-wsCache/Customer"/>
        <property name="wsdl-Customer" location="xml-resources/web-service-references/Customer/wsdl/localhost_8080/employee_ws/Customer.wsdl"/>
        <wsimport sourcedestdir="${build.generated.dir}/jax-wsCache/Customer" destdir="${build.generated.dir}/jax-wsCache/Customer" wsdl="${wsdl-Customer}" catalog="catalog.xml" encoding="${source.encoding}" extension="true" verbose="true" fork="false" wsdlLocation="http://localhost:8080/employee_ws/Customer?wsdl" xnocompile="true" xendorsed="true">
            <depends file="${wsdl-Customer}"/>
            <produces dir="${build.generated.dir}/jax-wsCache/Customer"/>
        </wsimport>
        <copy todir="${build.generated.sources.dir}/jax-ws">
            <fileset dir="${build.generated.dir}/jax-wsCache/Customer">
                <include name="**/*.java"/>
            </fileset>
        </copy>
    </target>
    <target name="wsimport-client-clean-Customer" depends="-init-project">
        <delete dir="${build.generated.dir}/jax-wsCache/Customer"/>
        <delete dir="${build.generated.sources.dir}/jax-ws/employee_ws"/>
    </target>
    <target name="wsimport-client-Employee_1" depends="wsimport-init">
        <mkdir dir="${build.generated.dir}/jax-wsCache/Employee_1"/>
        <property name="wsdl-Employee_1" location="xml-resources/web-service-references/Employee_1/wsdl/localhost_8080/employee_ws/Employee.wsdl"/>
        <wsimport sourcedestdir="${build.generated.dir}/jax-wsCache/Employee_1" destdir="${build.generated.dir}/jax-wsCache/Employee_1" wsdl="${wsdl-Employee_1}" catalog="catalog.xml" encoding="${source.encoding}" extension="true" verbose="true" fork="false" wsdlLocation="http://localhost:8080/employee_ws/Employee?wsdl" xnocompile="true" xendorsed="true">
            <depends file="${wsdl-Employee_1}"/>
            <produces dir="${build.generated.dir}/jax-wsCache/Employee_1"/>
        </wsimport>
        <copy todir="${build.generated.sources.dir}/jax-ws">
            <fileset dir="${build.generated.dir}/jax-wsCache/Employee_1">
                <include name="**/*.java"/>
            </fileset>
        </copy>
    </target>
    <target name="wsimport-client-clean-Employee_1" depends="-init-project">
        <delete dir="${build.generated.dir}/jax-wsCache/Employee_1"/>
        <delete dir="${build.generated.sources.dir}/jax-ws/employee_ws"/>
    </target>
    <target name="wsimport-client-Customer_1" depends="wsimport-init">
        <mkdir dir="${build.generated.dir}/jax-wsCache/Customer_1"/>
        <property name="wsdl-Customer_1" location="xml-resources/web-service-references/Customer_1/wsdl/localhost_8080/employee_ws/Customer.wsdl"/>
        <wsimport sourcedestdir="${build.generated.dir}/jax-wsCache/Customer_1" destdir="${build.generated.dir}/jax-wsCache/Customer_1" wsdl="${wsdl-Customer_1}" catalog="catalog.xml" encoding="${source.encoding}" extension="true" verbose="true" fork="false" wsdlLocation="http://localhost:8080/employee_ws/Customer?wsdl" xnocompile="true" xendorsed="true">
            <depends file="${wsdl-Customer_1}"/>
            <produces dir="${build.generated.dir}/jax-wsCache/Customer_1"/>
        </wsimport>
        <copy todir="${build.generated.sources.dir}/jax-ws">
            <fileset dir="${build.generated.dir}/jax-wsCache/Customer_1">
                <include name="**/*.java"/>
            </fileset>
        </copy>
    </target>
    <target name="wsimport-client-clean-Customer_1" depends="-init-project">
        <delete dir="${build.generated.dir}/jax-wsCache/Customer_1"/>
        <delete dir="${build.generated.sources.dir}/jax-ws/employee_ws"/>
    </target>
    <target name="wsimport-client-Employee_2" depends="wsimport-init">
        <mkdir dir="${build.generated.dir}/jax-wsCache/Employee_2"/>
        <property name="wsdl-Employee_2" location="xml-resources/web-service-references/Employee_2/wsdl/localhost_8080/employee_ws/Employee.wsdl"/>
        <wsimport sourcedestdir="${build.generated.dir}/jax-wsCache/Employee_2" destdir="${build.generated.dir}/jax-wsCache/Employee_2" wsdl="${wsdl-Employee_2}" catalog="catalog.xml" encoding="${source.encoding}" extension="true" verbose="true" fork="false" wsdlLocation="http://localhost:8080/employee_ws/Employee?wsdl" xnocompile="true" xendorsed="true">
            <depends file="${wsdl-Employee_2}"/>
            <produces dir="${build.generated.dir}/jax-wsCache/Employee_2"/>
        </wsimport>
        <copy todir="${build.generated.sources.dir}/jax-ws">
            <fileset dir="${build.generated.dir}/jax-wsCache/Employee_2">
                <include name="**/*.java"/>
            </fileset>
        </copy>
    </target>
    <target name="wsimport-client-clean-Employee_2" depends="-init-project">
        <delete dir="${build.generated.dir}/jax-wsCache/Employee_2"/>
        <delete dir="${build.generated.sources.dir}/jax-ws/employee_ws"/>
    </target>
    <target name="wsimport-client-Customer_2" depends="wsimport-init">
        <mkdir dir="${build.generated.dir}/jax-wsCache/Customer_2"/>
        <property name="wsdl-Customer_2" location="xml-resources/web-service-references/Customer_2/wsdl/localhost_8080/employee_ws/Customer.wsdl"/>
        <wsimport sourcedestdir="${build.generated.dir}/jax-wsCache/Customer_2" destdir="${build.generated.dir}/jax-wsCache/Customer_2" wsdl="${wsdl-Customer_2}" catalog="catalog.xml" encoding="${source.encoding}" extension="true" verbose="true" fork="false" wsdlLocation="http://localhost:8080/employee_ws/Customer?wsdl" xnocompile="true" xendorsed="true">
            <depends file="${wsdl-Customer_2}"/>
            <produces dir="${build.generated.dir}/jax-wsCache/Customer_2"/>
        </wsimport>
        <copy todir="${build.generated.sources.dir}/jax-ws">
            <fileset dir="${build.generated.dir}/jax-wsCache/Customer_2">
                <include name="**/*.java"/>
            </fileset>
        </copy>
    </target>
    <target name="wsimport-client-clean-Customer_2" depends="-init-project">
        <delete dir="${build.generated.dir}/jax-wsCache/Customer_2"/>
        <delete dir="${build.generated.sources.dir}/jax-ws/employee_ws"/>
    </target>
    <target name="wsimport-client-Employee_3" depends="wsimport-init">
        <mkdir dir="${build.generated.dir}/jax-wsCache/Employee_3"/>
        <property name="wsdl-Employee_3" location="xml-resources/web-service-references/Employee_3/wsdl/localhost_8080/employee_ws/Employee.wsdl"/>
        <wsimport sourcedestdir="${build.generated.dir}/jax-wsCache/Employee_3" destdir="${build.generated.dir}/jax-wsCache/Employee_3" wsdl="${wsdl-Employee_3}" catalog="catalog.xml" encoding="${source.encoding}" extension="true" verbose="true" fork="false" wsdlLocation="http://localhost:8080/employee_ws/Employee?wsdl" xnocompile="true" xendorsed="true">
            <depends file="${wsdl-Employee_3}"/>
            <produces dir="${build.generated.dir}/jax-wsCache/Employee_3"/>
        </wsimport>
        <copy todir="${build.generated.sources.dir}/jax-ws">
            <fileset dir="${build.generated.dir}/jax-wsCache/Employee_3">
                <include name="**/*.java"/>
            </fileset>
        </copy>
    </target>
    <target name="wsimport-client-clean-Employee_3" depends="-init-project">
        <delete dir="${build.generated.dir}/jax-wsCache/Employee_3"/>
        <delete dir="${build.generated.sources.dir}/jax-ws/employee_ws"/>
    </target>
    <target name="wsimport-client-generate" depends="wsimport-client-Employee, wsimport-client-Customer, wsimport-client-Employee_1, wsimport-client-Customer_1, wsimport-client-Employee_2, wsimport-client-Customer_2, wsimport-client-Employee_3"/>
</project>
