<?xml version="1.0" encoding="UTF-8" standalone="no"?>
<catalog xmlns="urn:oasis:names:tc:entity:xmlns:xml:catalog" prefer="system">
    <system systemId="http://localhost:8080/bank_ws/employee_service?wsdl" uri="xml-resources/web-service-references/employee_service/wsdl/localhost_8080/bank_ws/employee_service.wsdl"/>
    <system systemId="http://localhost:8080/bank_ws/employee_service?xsd=1" uri="xml-resources/web-service-references/employee_service/wsdl/localhost_8080/bank_ws/employee_service.xsd_1.xsd"/>
    <system systemId="http://localhost:8080/bank_ws/employee_service?xsd=2" uri="xml-resources/web-service-references/employee_service/wsdl/localhost_8080/bank_ws/employee_service.xsd_2.xsd"/>
    <system systemId="http://localhost:8080/bank_ws/customer_service?wsdl" uri="xml-resources/web-service-references/customer_service_1/wsdl/localhost_8080/bank_ws/customer_service.wsdl"/>
    <system systemId="http://localhost:8080/bank_ws/customer_service?xsd=1" uri="xml-resources/web-service-references/customer_service_1/wsdl/localhost_8080/bank_ws/customer_service.xsd_1.xsd"/>
    <system systemId="http://localhost:8080/bank_ws/customer_service?xsd=2" uri="xml-resources/web-service-references/customer_service_1/wsdl/localhost_8080/bank_ws/customer_service.xsd_2.xsd"/>
    <system systemId="http://localhost:8080/employee_ws/Customer?wsdl" uri="xml-resources/web-service-references/Customer_2/wsdl/localhost_8080/employee_ws/Customer.wsdl"/>
    <system systemId="http://localhost:8080/employee_ws/Customer?xsd=1" uri="xml-resources/web-service-references/Customer_2/wsdl/localhost_8080/employee_ws/Customer.xsd_1.xsd"/>
    <system systemId="http://localhost:8080/employee_ws/Employee?wsdl" uri="xml-resources/web-service-references/Employee_3/wsdl/localhost_8080/employee_ws/Employee.wsdl"/>
    <system systemId="http://localhost:8080/employee_ws/Employee?xsd=1" uri="xml-resources/web-service-references/Employee_3/wsdl/localhost_8080/employee_ws/Employee.xsd_1.xsd"/>
</catalog>